{
  "gt_path_m": 321.39796860912963,
  "vio_path_m": 321.7002707405415,
  "vio_scale": 1.0009405850718973,
  "drift_max": 0.6934503615458134,
  "drift_mean": 0.44875803344190246,
  "gt_start": [
    -79.99164581298828,
    -1.3958425521850586
  ],
  "gt_end": [
    -91.88032531738281,
    -4.952718734741211
  ],
  "flip": [
    1,
    -1
  ]
}