{
  "01_road": {
    "our custom": {
      "gt_samples": 2406,
      "path_m": 388.3501683984226,
      "duration_s": 240.5,
      "cov_visited": 77,
      "cov_total": 80,
      "cov_pct": 96.25,
      "final_d": 0.6153568883176684,
      "return_d": 12.29727756253391,
      "reached_final": true,
      "returned_spawn": false,
      "drift_mean": 1.355390070921986,
      "drift_p95": 2.16,
      "drift_max": 2.27,
      "drift_n": 282
    },
    "exp 74 stock": {
      "gt_samples": 1553,
      "path_m": 162.72963815024372,
      "duration_s": 155.20000000000002,
      "cov_visited": 26,
      "cov_total": 80,
      "cov_pct": 32.5,
      "final_d": 56.061356200684266,
      "return_d": 85.00852375391541,
      "reached_final": false,
      "returned_spawn": false,
      "drift_mean": 1.2429411764705882,
      "drift_p95": 2.8,
      "drift_max": 3.4,
      "drift_n": 170
    },
    "exp 76 RGB-D": {
      "gt_samples": 1763,
      "path_m": 202.5229197385405,
      "duration_s": 176.20000000000002,
      "cov_visited": 24,
      "cov_total": 80,
      "cov_pct": 30.0,
      "final_d": 51.58026443524694,
      "return_d": 94.27966612292389,
      "reached_final": false,
      "returned_spawn": false,
      "drift_mean": 2.46520202020202,
      "drift_p95": 9.14,
      "drift_max": 11.85,
      "drift_n": 198
    }
  },
  "02_north_forest": {
    "our custom": {
      "gt_samples": 4728,
      "path_m": 643.4909149389327,
      "duration_s": 472.7,
      "cov_visited": 49,
      "cov_total": 97,
      "cov_pct": 50.51546391752577,
      "final_d": 0.9768973129249552,
      "return_d": 24.193263996823585,
      "reached_final": true,
      "returned_spawn": false,
      "drift_mean": 4.392517006802722,
      "drift_p95": 10.11,
      "drift_max": 12.14,
      "drift_n": 588
    },
    "exp 74 stock": {
      "gt_samples": 715,
      "path_m": 42.75970584283912,
      "duration_s": 71.4,
      "cov_visited": 3,
      "cov_total": 97,
      "cov_pct": 3.0927835051546393,
      "final_d": 155.0014401008262,
      "return_d": 16.711943206282143,
      "reached_final": false,
      "returned_spawn": false,
      "drift_mean": 2.243484848484848,
      "drift_p95": 3.89,
      "drift_max": 3.94,
      "drift_n": 66
    },
    "exp 76 RGB-D": {
      "gt_samples": 2421,
      "path_m": 352.744541223153,
      "duration_s": 242.0,
      "cov_visited": 24,
      "cov_total": 97,
      "cov_pct": 24.742268041237114,
      "final_d": 28.887508998873546,
      "return_d": 118.7693689408174,
      "reached_final": false,
      "returned_spawn": false,
      "drift_mean": 8.962007042253521,
      "drift_p95": 11.95,
      "drift_max": 12.1,
      "drift_n": 284
    }
  },
  "03_south": {
    "our custom": {
      "gt_samples": 3748,
      "path_m": 553.6202129599415,
      "duration_s": 374.7,
      "cov_visited": 85,
      "cov_total": 96,
      "cov_pct": 88.54166666666667,
      "final_d": 5.717159827221902,
      "return_d": 5.916901650357221,
      "reached_final": true,
      "returned_spawn": true,
      "drift_mean": 2.0022246220302375,
      "drift_p95": 3.43,
      "drift_max": 3.57,
      "drift_n": 463
    },
    "exp 74 stock": {
      "gt_samples": 754,
      "path_m": 65.2870884846915,
      "duration_s": 75.30000000000001,
      "cov_visited": 12,
      "cov_total": 96,
      "cov_pct": 12.5,
      "final_d": 149.91268107284986,
      "return_d": 21.268220090313154,
      "reached_final": false,
      "returned_spawn": false,
      "drift_mean": 1.7149999999999999,
      "drift_p95": 2.47,
      "drift_max": 4.18,
      "drift_n": 70
    },
    "exp 76 RGB-D": {
      "gt_samples": 2921,
      "path_m": 241.25612866564018,
      "duration_s": 292.0,
      "cov_visited": 25,
      "cov_total": 96,
      "cov_pct": 26.041666666666668,
      "final_d": 94.02731388570025,
      "return_d": 72.45693293571017,
      "reached_final": false,
      "returned_spawn": false,
      "drift_mean": 3.3211714285714287,
      "drift_p95": 5.32,
      "drift_max": 6.04,
      "drift_n": 350
    }
  },
  "04_nw_se": {
    "our custom": {
      "gt_samples": 12518,
      "path_m": 1223.030709877135,
      "duration_s": 1251.7,
      "cov_visited": 53,
      "cov_total": 92,
      "cov_pct": 57.608695652173914,
      "final_d": 7.7578100829634264,
      "return_d": 4.988773175519806,
      "reached_final": true,
      "returned_spawn": true,
      "drift_mean": 5.320141364474494,
      "drift_p95": 9.4,
      "drift_max": 10.02,
      "drift_n": 1627
    },
    "exp 74 stock": {
      "gt_samples": 773,
      "path_m": 34.5265792286615,
      "duration_s": 77.2,
      "cov_visited": 7,
      "cov_total": 92,
      "cov_pct": 7.608695652173913,
      "final_d": 144.8325780439263,
      "return_d": 21.13214789296157,
      "reached_final": false,
      "returned_spawn": false,
      "drift_mean": 1.5604054054054053,
      "drift_p95": 2.94,
      "drift_max": 3.0,
      "drift_n": 74
    },
    "exp 76 RGB-D": {
      "gt_samples": 6911,
      "path_m": 788.9769745011772,
      "duration_s": 691.0,
      "cov_visited": 55,
      "cov_total": 92,
      "cov_pct": 59.78260869565217,
      "final_d": 10.272805366111053,
      "return_d": 5.052717020574183,
      "reached_final": false,
      "returned_spawn": true,
      "drift_mean": 9.735109321058687,
      "drift_p95": 11.38,
      "drift_max": 11.55,
      "drift_n": 869
    }
  },
  "05_ne_sw": {
    "our custom": {
      "gt_samples": 4418,
      "path_m": 589.4683904868756,
      "duration_s": 441.7,
      "cov_visited": 77,
      "cov_total": 96,
      "cov_pct": 80.20833333333333,
      "final_d": 2.4555682132655177,
      "return_d": 31.38661770197611,
      "reached_final": true,
      "returned_spawn": false,
      "drift_mean": 9.850922242314649,
      "drift_p95": 37.73,
      "drift_max": 37.96,
      "drift_n": 553
    },
    "exp 74 stock": {
      "gt_samples": 1013,
      "path_m": 62.57645662612205,
      "duration_s": 101.2,
      "cov_visited": 10,
      "cov_total": 96,
      "cov_pct": 10.416666666666666,
      "final_d": 132.7356530500001,
      "return_d": 38.123629035284665,
      "reached_final": false,
      "returned_spawn": false,
      "drift_mean": 1.251764705882353,
      "drift_p95": 1.98,
      "drift_max": 2.04,
      "drift_n": 102
    },
    "exp 76 RGB-D": {
      "gt_samples": 1661,
      "path_m": 171.57603580472485,
      "duration_s": 166.0,
      "cov_visited": 6,
      "cov_total": 96,
      "cov_pct": 6.25,
      "final_d": 108.80369839486156,
      "return_d": 63.66341794468783,
      "reached_final": false,
      "returned_spawn": false,
      "drift_mean": 4.64875,
      "drift_p95": 5.2,
      "drift_max": 5.37,
      "drift_n": 88
    }
  },
  "06_nw_ne": {
    "our custom": {
      "gt_samples": 5576,
      "path_m": 717.8201646024642,
      "duration_s": 557.5,
      "cov_visited": 56,
      "cov_total": 94,
      "cov_pct": 59.57446808510638,
      "final_d": 5.3258249210803035,
      "return_d": 10.218897568720415,
      "reached_final": true,
      "returned_spawn": false,
      "drift_mean": 5.692471264367816,
      "drift_p95": 9.05,
      "drift_max": 9.15,
      "drift_n": 696
    },
    "exp 74 stock": {
      "gt_samples": 1168,
      "path_m": 102.44288787577604,
      "duration_s": 116.7,
      "cov_visited": 18,
      "cov_total": 94,
      "cov_pct": 19.148936170212767,
      "final_d": 110.50882702359118,
      "return_d": 61.959657340078955,
      "reached_final": false,
      "returned_spawn": false,
      "drift_mean": 2.2513492063492064,
      "drift_p95": 3.76,
      "drift_max": 3.85,
      "drift_n": 126
    },
    "exp 76 RGB-D": {
      "gt_samples": 3020,
      "path_m": 451.74608368432894,
      "duration_s": 301.9,
      "cov_visited": 58,
      "cov_total": 94,
      "cov_pct": 61.702127659574465,
      "final_d": 0.5333114849691472,
      "return_d": 131.84715396556726,
      "reached_final": true,
      "returned_spawn": false,